<?xml version="1.0" encoding="UTF-8"?>
<customer-list xmlns="http://www.demandware.com/xml/impex/customer/2006-10-31" list-id="SFRA_Fullstack">
    <header>
        <customerno-sequence-enabled>false</customerno-sequence-enabled>
        <customer-lockout-enabled>true</customer-lockout-enabled>
        <max-failed-logins>10</max-failed-logins>
        <lockout-effective-period>30</lockout-effective-period>
        <customer-login-attempt-reset-time>30</customer-login-attempt-reset-time>
        <min-password-length>8</min-password-length>
        <min-password-special-chars>1</min-password-special-chars>
        <force-password-contains-alpha>true</force-password-contains-alpha>
        <force-password-contains-numeric>true</force-password-contains-numeric>
        <force-password-mixed-case>true</force-password-mixed-case>
        <max-password-age>365000</max-password-age>
        <max-password-reset-token-age>30</max-password-reset-token-age>
    </header>

    <customer customer-no="00000501">
        <credentials>
            <login>abc@gmail.com</login>
            <password encrypted="true" encryptionScheme="scrypt">$s0$b0401$MESxZ66YQI0cLiPdZlofJQ==$/2elw8/i2J9p/IqiBjqn8dJ/igfWUDQKqz3asvCNLqo=</password>
            <enabled-flag>true</enabled-flag>
            <password-question/>
            <password-answer/>
        </credentials>
        <profile>
            <salutation/>
            <title/>
            <first-name>abc</first-name>
            <second-name/>
            <last-name>pqr</last-name>
            <suffix/>
            <company-name/>
            <job-title/>
            <email>abc@gmail.com</email>
            <phone-home>9876543245</phone-home>
            <phone-business/>
            <phone-mobile/>
            <fax/>
            <creation-date>2023-09-28T07:01:06.000Z</creation-date>
            <last-login-time>2023-09-28T07:01:06.000Z</last-login-time>
            <last-visit-time>2023-09-28T07:01:06.000Z</last-visit-time>
            <preferred-locale/>
        </profile>
        <note/>
    </customer>

</customer-list>
