<?xml version="1.0" encoding="UTF-8"?>
<metadata xmlns="http://www.demandware.com/xml/impex/metadata/2006-10-31">
    <custom-type type-id="Mail_id">
        <display-name xml:lang="x-default">Mail</display-name>
        <staging-mode>no-staging</staging-mode>
        <storage-scope>organization</storage-scope>
        <key-definition attribute-id="gmail">
            <type>string</type>
            <min-length>0</min-length>
        </key-definition>
        <attribute-definitions>
            <attribute-definition attribute-id="student">
                <display-name xml:lang="x-default">Student</display-name>
                <type>boolean</type>
                <mandatory-flag>false</mandatory-flag>
                <externally-managed-flag>false</externally-managed-flag>
            </attribute-definition>
        </attribute-definitions>
        <group-definitions>
            <attribute-group group-id="name">
                <display-name xml:lang="x-default">Name</display-name>
                <attribute attribute-id="student"/>
                <attribute attribute-id="gmail"/>
            </attribute-group>
        </group-definitions>
    </custom-type>

</metadata>
